date,newCasesByPublishDate,cumCasesByPublishDate,newVirusTests,cumVirusTests,newDailyNsoDeathsByDeathDate,cumDailyNsoDeathsByDeathDate,newAdmissions,cumAdmissions,covidOccupiedMVBeds,hospitalCases,newPeopleVaccinatedFirstDoseByPublishDate,cumPeopleVaccinatedFirstDoseByPublishDate,newPeopleVaccinatedSecondDoseByPublishDate,cumPeopleVaccinatedSecondDoseByPublishDate,cumVaccinationFirstDoseUptakeByPublishDatePercentage,cumVaccinationSecondDoseUptakeByPublishDatePercentage
2021-09-17,32651,7371301,928670.0,286058549,78,161446,751,539262,1011,7896,21770.0,48550671,60447.0,44358523,89.29999999999998,81.59999999999998
2021-09-16,26911,7339009,1059522.0,285065468,93,161368,878,538511,1020,8103,23833.0,48528901,63999.0,44298076,89.29999999999998,81.5
2021-09-15,30597,7312683,1084585.0,283870931,123,161275,938,537633,1081,8388,24890.0,48505068,63704.0,44234077,89.2,81.4
2021-09-14,26628,7282810,882827.0,282708430,124,161152,939,536695,1060,8386,21478.0,48480178,61627.0,44170373,89.2,81.29999999999998
2021-09-13,30825,7256559,1043118.0,281728876,97,161028,931,535756,1056,8466,19428.0,48458700,60653.0,44108746,89.2,81.2
2021-09-12,29173,7226276,1079196.0,280534263,119,160931,858,534825,1055,8244,14955.0,48439272,52615.0,44048093,89.09999999999998,81.0
2021-09-11,29547,7197662,746405.0,279408899,129,160812,850,533967,1027,8135,27913.0,48424317,98059.0,43995478,89.09999999999998,80.9
2021-09-10,37622,7168806,1066296.0,278591406,141,160683,916,533117,1056,8307,26064.0,48396404,91811.0,43897419,89.0,80.79999999999998
2021-09-09,38013,7132072,1241334.0,277383762,167,160542,1030,532201,1051,8137,25774.0,48370340,96702.0,43805608,89.0,80.59999999999998
2021-09-08,38975,7094592,1254874.0,275970459,132,160375,1161,531171,1060,8129,25131.0,48344566,87960.0,43708906,88.9,80.4
2021-09-07,37489,7056106,1169945.0,274558295,156,160243,1096,530010,1047,7973,26624.0,48319435,85848.0,43620946,88.9,80.29999999999998
2021-09-06,41192,7018927,1346631.0,273230674,147,160087,1071,528914,1062,8031,22698.0,48292811,80015.0,43535098,88.79999999999998,80.09999999999998
2021-09-05,37011,6978126,1038794.0,271747668,147,159940,876,527843,1018,7748,21795.0,48270113,73193.0,43455083,88.79999999999998,79.9
2021-09-04,37578,6941611,757917.0,270654568,132,159793,946,526967,1019,7551,41054.0,48248318,128553.0,43381890,88.79999999999998,79.79999999999998
2021-09-03,42076,6904969,1190266.0,269834674,146,159661,923,526021,1034,7667,35266.0,48207264,110590.0,43253337,88.7,79.59999999999998
2021-09-02,38154,6862904,1155929.0,268541805,133,159515,998,525098,1038,7617,40002.0,48171998,119375.0,43142747,88.59999999999998,79.4
2021-09-01,35693,6825074,1027203.0,267252232,113,159382,1075,524100,1030,7676,44088.0,48131996,113385.0,43023372,88.59999999999998,79.2
2021-08-31,32181,6789581,921219.0,266162196,116,159269,991,523025,1014,7675,39899.0,48087908,119402.0,42909987,88.5,78.9
2021-08-30,26476,6757650,672479.0,265189052,106,159153,996,522034,984,7335,19643.0,48048009,66648.0,42790585,88.4,78.7
2021-08-29,33196,6731423,707374.0,264472318,131,159047,852,521038,971,7106,24390.0,48028366,79440.0,42723937,88.4,78.59999999999998
2021-08-28,32406,6698486,720342.0,263736702,130,158916,860,520186,953,6975,43271.0,48003976,133688.0,42644497,88.29999999999998,78.5
2021-08-27,38046,6666399,889605.0,262982735,132,158786,937,519326,988,7080,44937.0,47960705,131456.0,42510809,88.2,78.2
2021-08-26,38281,6628709,948488.0,262049293,118,158654,950,518389,982,7028,55140.0,47915768,144936.0,42379353,88.2,78.0
2021-08-25,35847,6590747,923845.0,261026327,101,158536,1029,517439,974,6982,68076.0,47860628,161705.0,42234417,88.09999999999998,77.7
2021-08-24,30838,6555200,748739.0,260063891,113,158435,994,516410,957,6958,55410.0,47792552,130676.0,42072712,87.9,77.4
2021-08-23,31914,6524581,741817.0,259275279,116,158322,961,515416,942,7016,46401.0,47737142,131283.0,41942036,87.79999999999998,77.2
2021-08-22,32253,6492906,679665.0,258485673,123,158206,833,514455,963,6745,40345.0,47690741,116352.0,41810753,87.7,76.9
2021-08-21,32058,6460930,647034.0,257779268,112,158083,870,513622,955,6527,73006.0,47650396,194881.0,41694401,87.7,76.7
2021-08-20,37314,6429147,763706.0,257118343,122,157971,866,512752,955,6516,60885.0,47577390,167392.0,41499520,87.5,76.4
2021-08-19,36572,6392160,822777.0,256319014,110,157849,941,511886,928,6506,55979.0,47516505,175059.0,41332128,87.4,76.0
2021-08-18,33904,6355887,808235.0,255431404,104,157739,908,510945,909,6463,47284.0,47460526,169223.0,41157069,87.29999999999998,75.7
2021-08-17,26852,6322241,728313.0,254569340,96,157635,965,510037,925,6405,43824.0,47413242,145875.0,40987846,87.2,75.4
2021-08-16,28438,6295613,699466.0,253802828,84,157539,870,509072,918,6381,35716.0,47369418,138390.0,40841971,87.2,75.09999999999998
2021-08-15,26750,6267437,674479.0,253054999,89,157455,808,508202,898,6044,31257.0,47333702,126383.0,40703581,87.09999999999998,74.9
2021-08-14,29520,6241011,655809.0,252380522,101,157366,788,507394,892,5881,46603.0,47302445,199584.0,40577198,87.0,74.7
2021-08-13,32700,6211868,824414.0,251724712,94,157265,787,506606,892,5983,40490.0,47255842,171585.0,40377614,86.9,74.29999999999998
2021-08-12,33074,6179506,813378.0,250851931,100,157171,858,505819,882,5955,44384.0,47215352,192559.0,40206029,86.9,74.0
2021-08-11,29612,6146800,842591.0,249964919,85,157071,845,504961,871,6001,41568.0,47170968,173761.0,40013470,86.79999999999998,73.59999999999998
2021-08-10,23510,6117540,748898.0,249087555,83,156986,892,504116,874,6018,37511.0,47129400,151143.0,39839709,86.7,73.29999999999998
2021-08-09,25161,6094243,725764.0,248298687,83,156903,755,503224,859,6016,32250.0,47091889,137028.0,39688566,86.59999999999998,73.0
2021-08-08,27429,6069362,689374.0,247521377,82,156820,741,502469,856,5855,22843.0,47059639,122070.0,39551538,86.59999999999998,72.79999999999998
2021-08-07,28612,6042252,661538.0,246803082,105,156738,725,501728,854,5701,37990.0,47036796,213583.0,39429468,86.5,72.5
2021-08-06,31808,6014023,792407.0,246112404,93,156633,779,501003,870,5750,36976.0,46998806,168356.0,39215885,86.5,72.09999999999998
2021-08-05,30215,5982581,825501.0,245276434,96,156540,809,500224,871,5753,35500.0,46961830,172692.0,39047529,86.4,71.8
2021-08-04,29312,5952756,845680.0,244394007,91,156444,835,499415,881,5790,33334.0,46926330,165669.0,38874837,86.29999999999998,71.5
2021-08-03,21691,5923820,720252.0,243512311,76,156353,762,498580,887,6004,29290.0,46892996,142761.0,38709168,86.29999999999998,71.2
2021-08-02,21952,5902354,724299.0,242719384,90,156277,785,497818,895,6213,26092.0,46863706,126192.0,38566407,86.2,71.0
2021-08-01,24470,5880667,670913.0,241936999,96,156187,740,497033,877,5980,21232.0,46837614,118044.0,38440215,86.2,70.7
2021-07-31,26144,5856528,676527.0,241235058,88,156091,674,496293,893,5956,38826.0,46816382,212014.0,38322171,86.09999999999998,70.5
2021-07-30,29622,5830774,838747.0,240526190,98,156003,745,495619,889,6017,36724.0,46777556,171096.0,38110157,86.09999999999998,70.1
2021-07-29,31117,5801561,863554.0,239643446,85,155905,837,494874,869,5985,42353.0,46740832,179918.0,37939061,86.0,69.8
2021-07-28,27734,5770928,911012.0,238701666,80,155820,851,494037,853,6106,43847.0,46698479,171173.0,37759143,85.9,69.5
2021-07-27,23511,5745526,797775.0,237749392,74,155740,915,493186,848,6095,35402.0,46654632,151650.0,37587970,85.79999999999998,69.2
2021-07-26,24950,5722298,810459.0,236902131,76,155666,937,492271,820,6003,30019.0,46619230,148936.0,37436320,85.79999999999998,68.9
2021-07-25,29173,5697912,791044.0,236021951,69,155590,940,491334,779,5646,24551.0,46589211,117956.0,37287384,85.7,68.6
2021-07-24,31795,5669260,757350.0,235194276,65,155521,826,490394,755,5377,43805.0,46564660,203886.0,37169428,85.7,68.4
2021-07-23,36389,5637975,909423.0,234398286,78,155456,864,489568,715,5310,42974.0,46520855,189341.0,36965542,85.59999999999998,68.0
2021-07-22,39906,5602321,1013261.0,233436735,83,155378,954,488704,699,5098,44036.0,46477881,188297.0,36776201,85.5,67.7
2021-07-21,44104,5563006,1038954.0,232303132,60,155295,929,487750,647,4926,45101.0,46433845,183338.0,36587904,85.4,67.3
2021-07-20,46558,5519602,885453.0,231217817,65,155235,936,486821,618,4738,39035.0,46388744,161279.0,36404566,85.29999999999998,67.0
2021-07-19,39950,5473477,1074493.0,230272717,86,155170,873,485885,611,4647,35670.0,46349709,143560.0,36243287,85.29999999999998,66.7
2021-07-18,48161,5433939,1041099.0,229032526,71,155084,799,485012,582,4344,18186.0,46314039,128878.0,36099727,85.2,66.4
2021-07-17,54674,5386340,784222.0,227944889,59,155013,709,484213,583,4228,67217.0,46295853,225214.0,35970849,85.2,66.2
2021-07-16,51870,5332371,975603.0,227123263,53,154954,700,483504,573,4148,69491.0,46228636,202314.0,35745635,85.09999999999998,65.8
2021-07-15,48553,5281098,1177716.0,226084936,52,154901,772,482804,551,4035,61681.0,46159145,201893.0,35543321,84.9,65.4
2021-07-14,42302,5233207,1210002.0,224772292,45,154849,753,482032,545,3854,60374.0,46097464,185661.0,35341428,84.79999999999998,65.0
2021-07-13,36660,5191459,932222.0,223504870,49,154804,750,481279,522,3671,59073.0,46037090,158276.0,35155767,84.7,64.7
2021-07-12,34471,5155243,1075460.0,222496640,39,154755,732,480529,482,3456,54296.0,45978017,125360.0,34997491,84.59999999999998,64.4
2021-07-11,31772,5121245,1124783.0,221308607,35,154716,592,479797,454,3180,42000.0,45923721,107620.0,34872131,84.5,64.2
2021-07-10,32367,5089893,742910.0,220142990,43,154681,552,479205,448,3034,93763.0,45881721,211446.0,34764511,84.4,64.0
2021-07-09,35707,5058093,901977.0,219361949,48,154638,556,478653,437,2937,90083.0,45787958,178819.0,34553065,84.2,63.6
2021-07-08,32551,5022893,1114234.0,218395351,41,154590,605,478097,417,2766,96430.0,45697875,175467.0,34374246,84.09999999999998,63.2
2021-07-07,32548,4990916,1237992.0,217154951,35,154549,568,477492,417,2679,86953.0,45601445,171477.0,34198779,83.9,62.9
2021-07-06,28773,4958868,968588.0,215863352,34,154514,573,476924,392,2484,85811.0,45514492,153126.0,34027302,83.7,62.6
2021-07-05,27334,4930534,1160738.0,214821127,28,154480,517,476351,369,2362,76962.0,45428681,147814.0,33874176,83.59999999999998,62.3
2021-07-04,24248,4903434,1276593.0,213558757,29,154452,465,475834,336,2176,77222.0,45351719,111410.0,33726362,83.4,62.0
2021-07-03,24885,4879616,659338.0,212241392,30,154423,391,475369,327,2056,137389.0,45274497,196209.0,33614952,83.29999999999998,61.8
2021-07-02,27125,4855169,876646.0,211542597,30,154393,390,474978,321,2012,123605.0,45137108,177478.0,33418743,83.0,61.5
2021-07-01,27989,4828463,1121678.0,210596805,28,154363,371,474588,300,1934,152525.0,45013503,193066.0,33241265,82.79999999999998,61.2
2021-06-30,26068,4800907,1251696.0,209341895,26,154335,415,474217,287,1824,141216.0,44860978,175749.0,33048199,82.5,60.8
2021-06-29,20479,4775301,881805.0,208035991,24,154309,367,473802,283,1746,137991.0,44719762,150688.0,32872450,82.29999999999998,60.5
2021-06-28,22868,4755078,1095973.0,207080157,18,154285,310,473435,297,1743,127260.0,44581771,138016.0,32721762,82.0,60.2
2021-06-27,14876,4732434,1216682.0,205848490,24,154267,267,473125,263,1605,139712.0,44454511,123555.0,32583746,81.79999999999998,59.9
2021-06-26,18270,4717811,622246.0,204592812,17,154243,267,472858,256,1544,234441.0,44314799,199505.0,32460191,81.5,59.7
2021-06-25,15810,4699868,850807.0,203934670,21,154226,254,472591,257,1537,202497.0,44080358,174770.0,32260686,81.09999999999998,59.4
2021-06-24,16703,4684572,1068088.0,203021291,28,154205,256,472337,259,1516,221534.0,43877861,177813.0,32085916,80.7,59.0
2021-06-23,16135,4667870,1150834.0,201822459,8,154177,276,472081,246,1495,207647.0,43656327,167988.0,31908103,80.29999999999998,58.7
2021-06-22,11625,4651988,821585.0,200621518,17,154169,238,471805,250,1541,299837.0,43448680,250875.0,31740115,79.9,58.4
2021-06-21,10633,4640507,1019739.0,199731875,12,154152,228,471567,228,1518,21080.0,43148843,39325.0,31489240,79.4,57.9
2021-06-20,9284,4630040,1149112.0,198576291,21,154140,206,471339,210,1384,163750.0,43127763,109408.0,31449915,79.29999999999998,57.9
2021-06-19,10321,4620968,591871.0,197392365,19,154119,211,471133,215,1349,280241.0,42964013,236363.0,31340507,79.0,57.7
2021-06-18,10476,4610893,791219.0,196770719,17,154100,236,470922,223,1364,223140.0,42683772,205677.0,31104144,78.5,57.2
2021-06-17,11007,4600623,1034685.0,195916230,9,154083,241,470686,210,1322,243978.0,42460632,223260.0,30898467,78.09999999999998,56.8
2021-06-16,9055,4589814,1101741.0,194738939,13,154074,228,470445,208,1257,195565.0,42216654,234834.0,30675207,77.7,56.4
2021-06-15,7673,4581006,777277.0,193586143,20,154061,231,470217,206,1232,190033.0,42021089,230666.0,30440373,77.29999999999998,56.0
2021-06-14,7742,4573419,930123.0,192739339,12,154041,228,469986,188,1181,132627.0,41831056,235928.0,30209707,77.0,55.6
2021-06-13,7490,4565813,1052222.0,191675702,12,154029,223,469758,188,1140,147228.0,41698429,181121.0,29973779,76.7,55.1
2021-06-12,7738,4558494,533809.0,190591296,11,154017,177,469535,169,1105,254185.0,41551201,320326.0,29792658,76.4,54.8
2021-06-11,8125,4550944,736654.0,190022708,13,154006,178,469358,161,1076,208531.0,41297016,307192.0,29472332,76.0,54.2
2021-06-10,7393,4542986,945090.0,189209010,16,153993,200,469180,158,1095,201607.0,41088485,308038.0,29165140,75.59999999999998,53.7
2021-06-09,7540,4535754,1085999.0,188125558,16,153977,192,468980,159,1064,176559.0,40886878,316258.0,28857102,75.2,53.1
2021-06-08,6048,4528442,727274.0,186996151,15,153961,189,468788,154,1057,136802.0,40710319,313482.0,28540844,74.9,52.5
2021-06-07,5683,4522476,928425.0,186203156,7,153946,175,468599,148,1035,112941.0,40573517,306068.0,28227362,74.59999999999998,51.9
2021-06-06,5341,4516892,1242068.0,185147729,13,153939,154,468424,145,964,127345.0,40460576,259941.0,27921294,74.4,51.4
2021-06-05,5765,4511669,488842.0,183870048,6,153926,126,468270,135,938,203613.0,40333231,473378.0,27661353,74.2,50.9
2021-06-04,6238,4506018,670715.0,183348677,12,153920,123,468144,130,965,179924.0,40129618,388031.0,27187975,73.79999999999998,50.0
2021-06-03,5274,4499878,806272.0,182624589,16,153908,126,468021,134,938,191266.0,39949694,377641.0,26799944,73.5,49.3
2021-06-02,4330,4494699,854697.0,181720658,12,153892,129,467895,129,961,172763.0,39758428,349019.0,26422303,73.09999999999998,48.6
2021-06-01,3165,4490438,664849.0,180817234,10,153880,154,467766,136,930,108507.0,39585665,338565.0,26073284,72.79999999999998,48.0
2021-05-31,3383,4487339,602019.0,180083008,11,153870,124,467612,122,929,93103.0,39477158,195546.0,25734719,72.59999999999998,47.3
2021-05-30,3240,4484056,625777.0,179400500,8,153859,112,467488,124,907,124887.0,39384055,206322.0,25539173,72.5,47.0
2021-05-29,3398,4480945,488274.0,178748832,12,153851,104,467376,119,887,183526.0,39259168,418848.0,25332851,72.2,46.6
2021-05-28,4182,4477705,679217.0,178229622,13,153839,140,467272,124,886,204442.0,39075642,435951.0,24914003,71.9,45.8
2021-05-27,3542,4473677,959007.0,177486846,8,153826,127,467132,120,872,256517.0,38871200,434096.0,24478052,71.5,45.0
2021-05-26,3180,4470297,1132061.0,176394409,14,153818,131,467005,125,895,236119.0,38614683,427458.0,24043956,71.0,44.2
2021-05-25,2493,4467310,741912.0,175208582,9,153804,133,466874,128,921,186147.0,38378564,387987.0,23616498,70.6,43.4
2021-05-24,2439,4464900,946830.0,174394703,16,153795,139,466741,121,960,122379.0,38192417,332955.0,23228511,70.3,42.7
2021-05-23,2235,4462538,1165801.0,173297678,16,153779,114,466602,120,924,126357.0,38070038,252139.0,22895556,70.0,42.1
2021-05-22,2694,4460446,499089.0,172094944,4,153763,120,466488,123,887,205410.0,37943681,556951.0,22643417,69.8,41.7
2021-05-21,2829,4457923,715414.0,171561923,18,153759,124,466368,124,922,219657.0,37738271,426683.0,22086466,69.4,40.6
2021-05-20,2874,4455221,982099.0,170774076,7,153741,132,466244,123,912,268251.0,37518614,420312.0,21659783,69.0,39.8
2021-05-19,2696,4452527,1180660.0,169635175,4,153734,126,466112,122,918,264858.0,37250363,369018.0,21239471,68.5,39.1
2021-05-18,2412,4450392,732012.0,168404482,10,153730,128,465986,124,898,174100.0,36985505,324001.0,20870453,68.0,38.4
2021-05-17,1979,4452756,967126.0,167599744,13,153720,102,465858,125,943,106733.0,36811405,259049.0,20546452,67.7,37.8
2021-05-16,1926,4450777,1086443.0,166384182,14,153707,80,465756,123,941,131318.0,36704672,183745.0,20287403,67.5,37.3
2021-05-15,2027,4448851,460202.0,165259759,14,153693,91,465676,121,966,237331.0,36573354,391246.0,20103658,67.3,37.0
2021-05-14,2193,4446824,674608.0,164769141,14,153679,93,465585,124,976,220068.0,36336023,393402.0,19712412,66.9,36.3
2021-05-13,2657,4444631,982881.0,164012960,15,153665,106,465492,129,1001,209284.0,36115955,428041.0,19319010,66.4,35.5
2021-05-12,2284,4441975,1184941.0,165362038,15,153650,119,465386,136,1068,184210.0,35906671,452437.0,18890969,66.1,34.8
2021-05-11,2474,4439691,711104.0,164129675,20,153635,110,465267,138,1106,135113.0,35722461,350147.0,18438532,65.7,33.9
2021-05-10,2357,4437217,955467.0,163345211,8,153615,104,465157,149,1129,115053.0,35587348,231835.0,18088385,65.5,33.3
2021-05-09,1770,4434860,1322338.0,162226572,11,153607,103,465053,144,1118,100626.0,35472295,187171.0,17856550,65.3,32.9
2021-05-08,2047,4433090,490546.0,160869162,20,153596,109,464950,151,1137,169027.0,35371669,438837.0,17669379,65.1,32.5
2021-05-07,2490,4431043,708935.0,160342371,17,153576,104,464841,159,1157,133001.0,35202642,465822.0,17230542,64.8,31.7
2021-05-06,2613,4428553,1067566.0,159580869,17,153559,120,464737,163,1159,135470.0,35069641,473001.0,16764720,64.5,30.8
2021-05-05,2144,4425940,1214689.0,158363333,22,153542,118,464617,182,1238,139097.0,34934171,404226.0,16291719,64.3,30.0
2021-05-04,1946,4423796,860368.0,157088742,15,153520,102,464499,181,1295,127170.0,34795074,257486.0,15887493,64.0,29.2
2021-05-03,1649,4421850,1069724.0,156093792,17,153505,123,464397,187,1303,72600.0,34667904,127499.0,15630007,63.8,28.8
2021-05-02,1671,4420201,832918.0,154880126,18,153488,120,464274,196,1285,89924.0,34595304,172891.0,15502508,63.6,28.5
2021-05-01,1907,4418530,485640.0,154011981,15,153470,101,464154,188,1287,143175.0,34505380,372304.0,15329617,63.5,28.2
2021-04-30,2381,4416623,667686.0,153491922,16,153455,110,464053,185,1366,145589.0,34362205,421785.0,14957313,63.2,27.5
2021-04-29,2445,4414242,1072576.0,152743200,17,153439,100,463943,196,1464,122568.0,34216616,491567.0,14535528,63.0,26.7
2021-04-28,2166,4411797,1360719.0,151516625,21,153422,112,463843,208,1515,134140.0,34094048,462885.0,14043961,62.7,25.8
2021-04-27,2685,4409631,730262.0,150101360,26,153401,168,463731,214,1572,116328.0,33959908,379265.0,13581076,62.5,25.0
2021-04-26,2064,4406946,1034181.0,149291858,20,153375,134,463563,227,1649,90695.0,33843580,304688.0,13201811,62.3,24.3
2021-04-25,1712,4404882,1477709.0,148076928,25,153355,138,463429,231,1626,79695.0,33752885,260801.0,12897123,62.1,23.7
2021-04-24,2061,4403170,502663.0,146560366,24,153330,129,463291,240,1673,148767.0,33673190,547636.0,12636322,62.0,23.2
2021-04-23,2678,4401109,722997.0,146022203,29,153306,155,463162,243,1749,135786.0,33524423,465015.0,12088686,61.7,22.2
2021-04-22,2729,4398431,1111876.0,145213900,33,153277,120,463007,261,1791,130986.0,33388637,431070.0,11623671,61.4,21.4
2021-04-21,2396,4395703,1371393.0,143949153,35,153244,172,462887,276,1893,117909.0,33257651,416784.0,11192601,61.2,20.6
2021-04-20,2524,4393307,730210.0,142527783,34,153209,135,462715,300,1926,107622.0,33139742,350027.0,10775817,61.0,19.8
2021-04-19,2963,4390783,1041368.0,141704576,23,153175,177,462580,318,2007,99672.0,33032120,273751.0,10425790,60.8,19.2
2021-04-18,1882,4387820,1673788.0,140486853,30,153152,141,462403,311,1983,83225.0,32932448,221193.0,10152039,60.6,18.7
2021-04-17,2206,4385938,492826.0,138771896,40,153122,158,462262,323,2035,139445.0,32849223,499635.0,9930846,60.4,18.3
2021-04-16,2596,4383732,681887.0,138241531,30,153082,158,462104,332,2140,135557.0,32709778,499664.0,9431211,60.2,17.4
2021-04-15,2672,4380976,988311.0,137478788,42,153052,161,461946,329,2195,129782.0,32574221,417683.0,8931547,59.9,16.4
2021-04-14,2491,4378305,1162840.0,136363617,34,153010,196,461785,351,2295,117835.0,32444439,343783.0,8513864,59.7,15.7
2021-04-13,2472,4375814,679109.0,135152009,47,152976,181,461589,370,2408,76123.0,32326604,312685.0,8170081,59.5,15.0
2021-04-12,3568,4373343,874399.0,134397573,37,152929,208,461408,377,2492,59905.0,32250481,201191.0,7857396,59.3,14.5
2021-04-11,1730,4369775,1218037.0,133375844,39,152892,204,461200,385,2549,69223.0,32190576,189665.0,7656205,59.2,14.1
2021-04-10,2589,4368045,482153.0,132121175,43,152853,187,460996,385,2650,111109.0,32121353,475230.0,7466540,59.1,13.7
2021-04-09,3150,4365461,676307.0,131601153,38,152810,205,460809,405,2793,106878.0,32010244,450136.0,6991310,58.9,12.9
2021-04-08,3030,4370321,931579.0,130849530,60,152772,207,460604,421,2872,96242.0,31903366,449269.0,6541174,58.7,12.0
2021-04-07,2763,4367291,1034088.0,129798698,44,152712,234,460397,440,3019,99530.0,31807124,408396.0,6091905,58.5,11.2
2021-04-06,2379,4364529,631846.0,128712320,45,152668,224,460163,453,3143,85227.0,31707594,186793.0,5683509,58.3,10.5
2021-04-05,2762,4362150,741323.0,128000297,44,152623,238,459939,461,3255,40744.0,31622367,64590.0,5496716,58.2,10.1
2021-04-04,2297,4359388,813693.0,127128065,51,152579,197,459701,469,3229,48055.0,31581623,47708.0,5432126,58.1,10.0
2021-04-03,3423,4357091,405634.0,126284831,40,152528,223,459504,478,3244,107886.0,31533568,178913.0,5384418,58.0,9.9
2021-04-02,3402,4353668,555613.0,125844450,50,152488,238,459281,485,3376,107420.0,31425682,246631.0,5205505,57.8,9.6
2021-04-01,4479,4350266,953206.0,125225481,63,152438,233,459043,517,3557,170818.0,31318262,445416.0,4958874,57.6,9.1
2021-03-31,4052,4345788,1266685.0,124147198,74,152375,269,458810,547,3742,239434.0,31147444,387574.0,4513458,57.3,8.3
2021-03-30,4040,4341736,695477.0,122824208,54,152301,256,458541,568,3976,225917.0,30908010,277682.0,4125884,56.9,7.599999999999999
2021-03-29,4654,4337696,972317.0,122092382,68,152247,250,458285,583,4197,236809.0,30682093,168230.0,3848202,56.4,7.1
2021-03-28,3862,4333042,1641942.0,121071863,49,152179,272,458035,582,4185,293548.0,30445284,147594.0,3679972,56.0,6.8
2021-03-27,4715,4329180,471328.0,119404185,63,152130,273,457763,594,4436,424301.0,30151736,238861.0,3532378,55.5,6.5
2021-03-26,6187,4325315,722814.0,118903237,73,152067,298,457490,615,4485,411305.0,29727435,283654.0,3293517,54.7,6.1
2021-03-25,6397,4319128,1275285.0,118144044,77,151994,340,457192,630,4583,324942.0,29316130,234382.0,3009863,53.9,5.5
2021-03-24,5605,4312908,1813842.0,116704955,70,151917,348,456852,682,4880,337665.0,28991188,242642.0,2775481,53.3,5.1
2021-03-23,5379,4307304,839954.0,114841325,93,151847,367,456504,711,5150,325650.0,28653523,169155.0,2532839,52.7,4.7
2021-03-22,5342,4301925,1191048.0,113930657,105,151754,361,456137,748,5431,329897.0,28327873,82300.0,2363684,52.1,4.3
2021-03-21,5312,4296583,1893830.0,112602641,123,151649,358,455776,768,5448,367006.0,27997976,52612.0,2281384,51.5,4.2
2021-03-20,5587,4291271,473050.0,110684841,99,151526,364,455418,787,5567,752308.0,27630970,91977.0,2228772,50.8,4.1
2021-03-19,4802,4285684,933234.0,110180128,102,151427,380,455054,830,5880,614930.0,26878662,125725.0,2136795,49.5,3.9
2021-03-18,6303,4280882,1437257.0,109160007,99,151325,451,454674,879,6150,528260.0,26263732,132016.0,2011070,48.3,3.7
2021-03-17,5758,4274579,1635141.0,107584947,126,151226,446,454223,925,6585,462246.0,25735472,119609.0,1879054,47.3,3.5
2021-03-16,5294,4268821,1319784.0,105849755,113,151100,441,453777,968,6847,433320.0,25273226,95799.0,1759445,46.5,3.2
2021-03-15,5089,4263527,1573774.0,104422879,135,150987,503,453336,1016,7207,386685.0,24839906,53366.0,1663646,45.7,3.1
2021-03-14,4618,4258438,965127.0,102739526,132,150852,428,452833,1049,7315,257010.0,24453221,25371.0,1610280,45.0,3.0
2021-03-13,5534,4253820,437958.0,101747711,134,150720,461,452405,1087,7384,512108.0,24196211,52155.0,1584909,44.5,2.9
2021-03-12,6609,4248286,1402203.0,101275568,134,150586,482,451944,1110,7728,369578.0,23684103,87676.0,1532754,43.6,2.8
2021-03-11,6753,4241677,1614145.0,99753919,171,150452,550,451462,1192,8066,260809.0,23314525,93563.0,1445078,42.9,2.7
2021-03-10,5926,4234924,1554080.0,98018418,160,150281,567,450912,1236,8436,243887.0,23053716,97162.0,1351515,42.4,2.5
2021-03-09,5766,4228998,1374579.0,96352115,185,150121,579,450345,1292,9009,217301.0,22809829,72922.0,1254353,42.0,2.3
2021-03-08,4712,4223232,1529525.0,94863125,195,149936,576,449766,1356,9474,215273.0,22592528,38788.0,1181431,41.6,2.2
2021-03-07,5177,4218520,805744.0,93252192,194,149741,536,449190,1394,9459,164143.0,22377255,20241.0,1142643,41.2,2.1
2021-03-06,6040,4213343,452750.0,92427640,210,149547,638,448654,1449,9711,416834.0,22213112,31562.0,1122402,40.9,2.1
2021-03-05,5947,4207304,953671.0,91944455,221,149337,599,448016,1542,10312,437463.0,21796278,56772.0,1090840,40.1,2.0
2021-03-04,6573,4201358,992812.0,90933060,233,149116,704,447417,1589,10933,376244.0,21358815,70206.0,1034068,39.3,1.9
2021-03-03,6385,4194785,863658.0,89887019,214,148883,713,446713,1647,11523,278956.0,20982571,68450.0,963862,38.6,1.8
2021-03-02,6391,4188400,675543.0,88994478,243,148669,834,446000,1709,12139,224996.0,20703615,51314.0,895412,38.1,1.6
2021-03-01,5455,4182009,727972.0,88264597,291,148426,823,445166,1806,12894,203168.0,20478619,28282.0,844098,37.7,1.6
2021-02-28,6035,4176554,526679.0,87496888,277,148135,769,444343,1783,12788,185900.0,20275451,19684.0,815816,37.3,1.5
2021-02-27,7434,4170519,383946.0,86950527,306,147858,742,443574,1903,13269,407503.0,20089551,27322.0,796132,37.0,1.5
2021-02-26,8523,4163085,604745.0,86554704,299,147552,864,442832,1971,14077,504493.0,19682048,32773.0,768810,36.2,1.4
2021-02-25,9985,4154562,731410.0,85925041,348,147253,969,441968,2047,14849,485720.0,19177555,35319.0,736037,35.3,1.4
2021-02-24,9938,4144577,740717.0,85153541,363,146905,1022,440999,2118,15534,448962.0,18691835,31613.0,700718,34.4,1.3
2021-02-23,8489,4134639,594629.0,84392344,377,146542,1120,439977,2149,16115,326692.0,18242873,26317.0,669105,33.6,1.2
2021-02-22,10641,4126150,670560.0,83769892,374,146165,1119,438857,2273,16855,192341.0,17916181,18463.0,642788,33.0,1.2
2021-02-21,9834,4115509,590591.0,83063780,410,145791,1157,437738,2329,16857,141719.0,17723840,9177.0,624325,32.6,1.1
2021-02-20,10406,4105675,408118.0,82463979,449,145381,1092,436581,2358,17042,334679.0,17582121,10263.0,615148,32.3,1.1
2021-02-19,12027,4095269,521230.0,82046229,464,144932,1273,435489,2469,17860,371906.0,17247442,15294.0,604885,31.7,1.1
2021-02-18,12057,4083242,560400.0,81507154,519,144468,1339,434216,2535,18522,452454.0,16875536,15867.0,589591,31.0,1.1
2021-02-17,12718,4071185,578844.0,80926591,503,143949,1412,432877,2614,19449,482110.0,16423082,15147.0,573724,30.2,1.1
2021-02-16,10625,4058468,488578.0,80331919,563,143446,1493,431465,2708,20215,364865.0,15940972,12412.0,558577,29.3,1.0
2021-02-15,9765,4047843,457144.0,79818755,611,142883,1504,429972,2805,20994,275956.0,15576107,6535.0,546165,28.7,1.0
2021-02-14,10972,4038078,401786.0,79338077,599,142272,1535,428468,2851,21054,237962.0,15300151,1915.0,539630,28.1,1.0
2021-02-13,13308,4027106,403600.0,78928253,581,141673,1426,426933,2842,20970,505362.0,15062189,2846.0,537715,27.7,1.0
2021-02-12,15144,4013799,626243.0,78511498,632,141092,1509,425507,2943,22324,544603.0,14556827,4775.0,534869,26.8,1.0
2021-02-11,13494,3998655,730223.0,77862609,667,140460,1680,423998,3036,23411,503116.0,14012224,5647.0,530094,25.8,1.0
2021-02-10,13013,3985161,763311.0,77090265,709,139793,1725,422318,3132,24417,450810.0,13509108,4894.0,524447,24.9,1.0
2021-02-09,12364,3972148,579266.0,76297866,721,139084,1755,420593,3164,25689,411812.0,13058298,3161.0,519553,24.0,1.0
2021-02-08,14104,3959784,616718.0,75693515,777,138363,1921,418838,3230,26744,352480.0,12646486,3811.0,516392,23.3,1.0
2021-02-07,15845,3945680,584933.0,75043566,751,137586,1851,416917,3302,26800,278988.0,12294006,862.0,512581,22.6,0.9
2021-02-06,18262,3929835,454008.0,74437279,780,136835,1894,415066,3373,26914,549808.0,12015018,1662.0,511719,22.1,0.9
2021-02-05,19114,3911573,671585.0,73971219,870,136055,2005,413172,3505,28383,494163.0,11465210,4064.0,510057,21.1,0.9
2021-02-04,20634,3892459,783851.0,73277874,823,135185,2142,411167,3572,29413,480560.0,10971047,4036.0,505993,20.2,0.9
2021-02-03,19202,3871825,801949.0,72464146,967,134362,2360,409025,3628,30604,469016.0,10490487,2995.0,501957,19.3,0.9
2021-02-02,16840,3852623,606382.0,71642534,959,133395,2484,406665,3635,31766,374756.0,10021471,2166.0,498962,18.4,0.9
2021-02-01,18607,3835783,643204.0,71011933,1002,132436,2602,404181,3726,32960,350348.0,9646715,2587.0,496796,17.7,0.9
2021-01-31,21088,3817176,574012.0,70340312,990,131434,2407,401579,3687,32586,319038.0,9296367,3156.0,494209,17.1,0.9
2021-01-30,23275,3796088,439006.0,69736280,1022,130444,2471,399172,3806,33015,598389.0,8977329,10621.0,491053,16.5,0.9
2021-01-29,29079,3772813,662675.0,69288509,1152,129422,2687,396701,3832,33847,487756.0,8378940,2178.0,480432,15.4,0.9
2021-01-28,28680,3743734,753031.0,68606924,1222,128270,3046,394014,3918,34909,414419.0,7891184,1769.0,478254,14.5,0.9
2021-01-27,25308,3715054,771710.0,67828936,1227,127048,3058,390968,3937,35513,312378.0,7476765,2329.0,476485,13.8,0.9
2021-01-26,20089,3689746,596845.0,67040373,1169,125821,3151,387910,3961,37101,311060.0,7164387,1710.0,474156,13.2,0.9
2021-01-25,22195,3669658,542893.0,66422967,1255,124652,2931,384759,4032,37756,279757.0,6853327,1968.0,472446,12.6,0.9
2021-01-24,30004,3647463,412204.0,65861305,1232,123397,3112,381828,4077,37730,220249.0,6573570,818.0,470478,12.1,0.9
2021-01-23,33552,3617459,484485.0,65442601,1280,122165,3117,378716,4066,37398,491970.0,6353321,1043.0,469660,11.7,0.9
2021-01-22,40261,3583907,629416.0,64951149,1332,120885,3393,375599,4076,38257,478248.0,5861351,1821.0,468617,10.8,0.9
2021-01-21,37892,3543646,665330.0,64303048,1341,119553,3636,372206,3960,38059,409855.0,5383103,2760.0,466796,9.9,0.9
2021-01-20,38905,3505754,640856.0,63623219,1378,118212,4050,368570,3953,38739,363508.0,4973248,3411.0,464036,9.1,0.9
2021-01-19,33355,3466849,579194.0,62956912,1484,116834,4161,364520,3947,38846,343163.0,4609740,3759.0,460625,8.5,0.8
2021-01-18,37535,3433494,556689.0,62357805,1398,115350,4065,360359,3916,39254,204076.0,4266577,4565.0,456866,7.8,0.8
2021-01-17,38598,3395959,417329.0,61774304,1354,113952,3750,356294,3871,38169,190107.0,4062501,2239.0,452301,7.5,0.8
2021-01-16,41346,3357361,491137.0,61349606,1414,112598,3941,352544,3854,37715,296131.0,3872394,2620.0,450062,7.1,0.8
2021-01-15,55761,3316019,596727.0,60848505,1318,111184,3685,348603,3789,38132,341317.0,3576263,4208.0,447442,6.6,0.8
2021-01-14,48682,3260258,695148.0,60242686,1336,109866,4103,344918,3672,37691,316694.0,3234946,5257.0,443234,6.0,0.8
2021-01-13,47525,3211576,628556.0,59538320,1302,108530,4224,340815,3626,37487,278943.0,2918252,9745.0,437977,5.4,0.8
2021-01-12,45533,3164051,584760.0,58891289,1314,107228,4583,336591,3496,36981,207661.0,2639309,16065.0,428232,4.9,0.8
2021-01-11,46169,3118518,536947.0,58297536,1238,105914,4309,332008,3363,36751,145076.0,2431648,20768.0,412167,4.5,0.8
2021-01-10,54940,3072349,485874.0,57747184,1168,104676,3937,327699,3264,35391,,2286572,,391399,4.2,0.6999999999999998
